image_id,orig_file,blur_file,orig_text,blur_text,orig_confidence,blur_confidence,cer,wer
0009059,0009059_orig.png,0009059_blur.png,"ee EE
of Asset Pricing. In general, there ma;
ne equivalent martingale measure. ","of Baan Pong We game, Came omy
Se ee CO
er Lem Nae mannan oe the pare:
Ce CY eo
",88.3,23.3,0.7567,0.9821
0009060,0009060_orig.png,0009060_blur.png,"Kapprow 2= =
res T348E-17 _1.359E-1
orthogy | 3.787E-17  4.893E-1
orthogy _| 8.7",Ss,64.9,32.0,0.9921,1.0000
0009061,0009061_orig.png,0009061_blur.png,"od with the partition (4, +, ©), Me Chie penkis
study of electrical networks sha","theta i as
stuthy sof shercteicall sertweseths sate He
ee Ave atts i thee ete pa",87.9,33.4,0.6207,0.9697
0009062,0009062_orig.png,0009062_blur.png,"ture of subjective worlds,
lessly in the user’s percep
The final area of compari","ture of subjective worlds,
lessly in the user's percep
The final area of compari",93.9,91.1,0.0100,0.0588
0009063,0009063_orig.png,0009063_blur.png,"if search were based on both assembli
onents (ie., if grouping has occurred, |
\","cenh wor heed on tech enemil
cmemts (he. © grouping ee cccurned, |
all
General M",88.8,43.1,0.5107,0.8961
0009064,0009064_orig.png,0009064_blur.png,"[6] S. Brin and L. Page. The anatomy of a
Web search engine. Computer Networks a","m arte ln
hae a Jee",84.8,33.8,0.9697,0.9907
0009065,0009065_orig.png,0009065_blur.png,"4 104-104 (2009).

rURIER J., LONG L.: Archae-
ing digital photogrammetry and
st","if 008-100).
TURHE J. LOW L: Anhne.
ng dighal picengremenctry ond
teddy of ctren",79.1,38.0,0.4928,0.9455
0009066,0009066_orig.png,0009066_blur.png,"sions. These are regions where localiz
re rapid the decay the better the exp
rm ","me ee ee
-_— eee ee & ow
— ee ee
ee Ff he re © oe
oe ee ee
ee
Te Ae ee ee ae gy
",89.0,32.4,0.8092,1.0000
0009069,0009069_orig.png,0009069_blur.png,"5 are denotes Vy
for forming comments and wh
« */ form comments do not nes
pecia","5 are denotes Ny
for forming comments and wh
* */ form comments do not nes
pecia",83.3,81.5,0.0250,0.1034
0010952,0010952_orig.png,0010952_blur.png,"y consider it reasonable
w you view the process,
alyze “smaller” sets of
s-playi","rae ape
meas
a

<r
wap ae mer bear
eer
7 es angled tw emete",91.2,33.5,0.8221,1.0000
0010953,0010953_orig.png,0010953_blur.png,"[9 [sia [10 [22.54 [10]
[io [ias2 [10 [0.326 [10 |
[ 10 [4x90 [10 [0.186 [10 |
[","DNase
CO XS oO
Lie fase Te Tae Pe
Le Dus De Tas De]
Lee Tea
OC oe
Le ee Tae TT
O",63.6,35.8,0.7668,0.9889
0010954,0010954_orig.png,0010954_blur.png,"h has

1993).

is cer- |

of the

ation; 4

ith an

1 that

k.

le im-

ouch);

","ih has

1993)

is cer-

of the 5 ‘

ation:

ith an

1 that

k.

e im-

ouch)

4 ",78.3,62.5,0.2150,0.4186
0010956,0010956_orig.png,0010956_blur.png,"aints for nested classes. There is an obviou
nested interfaces to signify that a","vinta fit Reehed ehaeeee. There We an abbionk
Heated Werhieee 10 mem tat cea
i e",91.4,34.1,0.6854,0.9574
0014623,0014623_orig.png,0014623_blur.png,"of gaussians:
p(0,6,8) = T(6,00)T(¢,26)
= T(0,00)P(d.06
Considering the invarian","fh Ease =
Hb.0.0) = VOA)NO46)
= 16.0564
Considering the imvatiant seate of
geome",77.1,54.7,0.3875,0.7358
0014624,0014624_orig.png,0014624_blur.png,"al Environment Science Laborat
Sex-related differences in spatial
tegal, M. (ed.","al Environment Science Labora
Sex-related differences in spatial
negal, M. (ed.)",91.7,90.4,0.0161,0.1111
0014625,0014625_orig.png,0014625_blur.png,", the nature (attribute list) of a relation
changed). We desperately needed a

t","ts eaten (emer iinate tet) oh 9 eckatee
, changed) We dovperancty eecded s
we ha",91.3,35.6,0.5011,1.0000
0014626,0014626_orig.png,0014626_blur.png,"treatment purposes, ITS p
parasitologically positive s:
primers are designed ba
","eae wpe, HE 6
Har KATIE
Wie ae ecg ta
Aone pbiitiy ene eat
(BORA Om ANT Hy",86.5,21.1,0.7037,1.0000
0014627,0014627_orig.png,0014627_blur.png,"es to grapple with the disparity of n
the two campuses. The Menifee s
rolls a la","wumaumunes
OA EAE ROE
a
ipsa hasta aa 1
Se ironing",85.5,28.0,0.9229,0.9877
0014628,0014628_orig.png,0014628_blur.png,"pneeeern Hypergrap!
: Portonor
: ester

H ‘disk

: cache

: ‘ter

H 5
1 [ormvert",iS,45.0,37.0,0.9931,1.0000
0014629,0014629_orig.png,0014629_blur.png,"8 Related wor
In the area of testin
proposals, ranging fr
ging (eg. [Duc99]) ar
","8 Related wor
In the area of testin
proposals, ranging fr
ging (eg. [Duc99}) ax
",90.9,82.7,0.0394,0.2059
0014630,0014630_orig.png,0014630_blur.png,"multiple attributes of a
- mechanisms in order
defines preferences in
that best ","ultiple wlieibutew ana
Pmechaniane in onder
dofinoy proferenden tn
that bent sal",88.3,53.9,0.2563,0.7381
0014631,0014631_orig.png,0014631_blur.png,"lead of changing the packet size, it woul
1e for a at the cost of having a less ","vt
We Eve a Nett",88.4,37.2,0.9585,0.9808
0014632,0014632_orig.png,0014632_blur.png,,"ig rot eh Sd ert Se Ge ee
ee a
Bo, Ce
Fo
—
a
. oe
ee eee ee Rese eee",0.0,16.5,1.0000,1.0000
0014633,0014633_orig.png,0014633_blur.png,"offset can be

/60 second period.

phase of the physical

1 interference is

rem",,84.6,0.0,1.0000,1.0000
0014634,0014634_orig.png,0014634_blur.png,"it has been overwritten earlier on the
value of V2.
tis problem in the compiler ","UG Re ere were he
ped J PI NRRE AY NRT
DANS AN
Sige he
chiens

Wee igh erie, Pe ",90.3,30.2,0.8889,0.9859
0014635,0014635_orig.png,0014635_blur.png,"BO yo eae ee ee
976) 1-6. vol. 17, 2005, pp.
ching in computer [38] S. Zucker, E","ety
; (4 evade th",77.8,26.2,0.9731,1.0000
0014636,0014636_orig.png,0014636_blur.png,"he Date: header field of the message as
ig the number of seconds from the ep
to ","hn Gate inakes bet A Nir ten meaty
ug Siw sassins A mor snctn eine Aho 14
Ye Naa",92.0,29.2,0.7155,0.9844
0014637,0014637_orig.png,0014637_blur.png,"—
scuss how we build a graph from an image
s been extracted from images (see fig","——
ee how we build a @raph fran an linge
1 hoon extracted fram tnnagon (Hoe Mg. ",90.7,50.7,0.3217,0.7143
0014638,0014638_orig.png,0014638_blur.png,"more, as has been mentionec
only. Consequently, scenario
and the timing of scena","mote, as has been mentioned
only Comequently, senano
and the tuming of scenario ",90.3,69.3,0.0948,0.3846
0018784,0018784_orig.png,0018784_blur.png,"DCoreOntology

>] QuantitationTypePackage P
ioMaterialCharacteristics Treatmen
t",,60.9,0.0,1.0000,1.0000
0018785,0018785_orig.png,0018785_blur.png,"=54+44+8-11=6
; transmits in MST. Notice that, in addi
he gains for all nodes fr","=3+4+8-l1=6
j eamsmiss im WEST. Nusiuce ofa, im aaildi
fee caiims Gor aill maiie",84.5,45.9,0.4074,0.8333
0018786,0018786_orig.png,0018786_blur.png,"UIVESUSALE Ly
Progress Report Ph
B. Jahne, H. He","UIVESUBALE Ly
Progress Report Ph
B. Jahne, H. He",86.5,83.6,0.0208,0.1111
0018787,0018787_orig.png,0018787_blur.png,"jodeling purposes. Simulatic
are not logg
projects or \
scribed above can ialdin","eecines Eatehnimel Seemeeataatie.

oo bp

aa
a leenicanaiiod cutagthe
Seine iadi",82.7,31.7,0.7333,1.0000
0018788,0018788_orig.png,0018788_blur.png,"1 model, inis may be useful when :
pecific application.
lel can use only geometr","os Gp SS Ce Om |
a

ee
ee
+ te thoy oe 5 Gm
ee
Aer rnecnliet eh enn
Oy
ene + war",90.3,23.7,0.7755,1.0000
0018789,0018789_orig.png,0018789_blur.png,"ler discretizat
r FE preconditionix
Vianteuffel, etc.)

-e following g
2sh to ap","ler discretizat
r FE preconditionir
Manteuffel, etc.)

-e following g
sh to appr",79.7,73.0,0.0449,0.2308
0018790,0018790_orig.png,0018790_blur.png,"_ a
rd

¢
Figure 3: First Maxwell eig",F,70.4,9.0,0.9730,1.0000
0018791,0018791_orig.png,0018791_blur.png,"nstead of CBR and the general red
ed previously (Jaakkola 1983, 1993),
on from h","estat ol CON aed the pemenel rad
od Previa Mnehioke Hn, HRI,
wo fc Wage eh ea PD",83.3,31.7,0.5836,1.0000
0018792,0018792_orig.png,0018792_blur.png,"ile mkpxg is kept secret.

oviding an identity ID received fro
G runs this algor","iS rpnnae View Accent Nie 88) terrnorrnnte
wettie Soy Eeabesettireldyerges, OD)
",82.6,28.8,0.7878,1.0000
0018793,0018793_orig.png,0018793_blur.png,"ry node multiple times:

. c
ind twice at latency one ©
d middle illustrations o","ry node multiple times: .
ind twice at latency one S
d middle illustrations of

",85.3,86.3,0.1447,0.2329
0018794,0018794_orig.png,0018794_blur.png,"26, 150-160.

equisite for MCDA. In: Bana e
criteria decision aid. Springer-
st,","giipmeg regimen ae resrtioee stot aaa. dione scare heat atone i
26, 150-160.
equ",87.0,71.6,0.4101,0.6154
0018795,0018795_orig.png,0018795_blur.png,"52

sphan, EM (1995) Explorator’
isualization of environmenta
or reliable integr","8 ott
arid
ee",88.8,12.5,0.9677,1.0000
0018796,0018796_orig.png,0018796_blur.png,"advantage of a giver Be
meaning that neither the pursue
the steady state.

There","WANAEAY OF 4 EIVETY ns
rreanniinay Eat proithher Phe prnrstte

Wie tioned iat,
P",89.5,37.0,0.5130,0.9333
0018797,0018797_orig.png,0018797_blur.png,"N such that (1) has no soh
element in T°. This problei
the first person to show ","NP sich thane ((M)) Mass ue sey
Whee Line pmesenh be Shham Uh
coe BRIANNA Wate a",84.0,40.9,0.6369,0.9836
0018798,0018798_orig.png,0018798_blur.png,"http://Awww.mh
13.5 Does the webs
use informatio
13.6 Does the webs
13.7 Does th","Raa Sanit se ehitonigetinn Shy em crane ety i
13.5 Does the weds
use informatics",88.4,73.1,0.2895,0.3793
0018799,0018799_orig.png,0018799_blur.png,"Incoming data
(detail for Current resol
next level) contone imag
Rec
con
re 2. P","Incoming data
(detail nd Current resol
next level) G contone imag
Ree
con
re 2. ",95.3,86.8,0.0550,0.1765
0018800,0018800_orig.png,0018800_blur.png,"keeping all of the damaged data res
rmance.
der of the paper is structured as fo","Some A Hani Aone
“am

ailindindien ntlidlieneienaatenes
sieiatetnaten mites
Slee",91.4,22.6,0.7406,0.9859
0018801,0018801_orig.png,0018801_blur.png,"eS Se eS
es from the various images and assign
valid semantics to them such that","init al aati Beaton
valid semantics to them such that this s
ed by the sysiem im",85.6,77.1,0.3415,0.4512
0018802,0018802_orig.png,0018802_blur.png,,"ee
te
ae oe
a
— -
— oe
_ —
- a .
a
a

a a.",0.0,25.1,1.0000,1.0000
0018803,0018803_orig.png,0018803_blur.png,"Derailments ____
Revenue Impact
Ride Quality

Optimum M","Liga
Maine
|",92.3,36.7,0.8909,1.0000
0018804,0018804_orig.png,0018804_blur.png,"150300500 700 2000
e area [m*m]
YRS]
Multi Hop Connectivity for
‘ f né
‘eless Te","\is
iy
. 4
SS ee
me
baits Hop Counectivity foe
whee Teewinak: ta Dooce. ™",77.3,44.0,0.6289,0.9444
0018805,0018805_orig.png,0018805_blur.png,"SgrAL 2 108, 2980
Sin 3 309, 1342, 154
SmaI 1 430
Ssp 1 2 901, 3191
Tfil 3165, 2","=} mone

tet ' *

Pa > amm
eed",62.8,37.4,0.9158,1.0000
0018806,0018806_orig.png,0018806_blur.png,"ng is performed to make it a eq
ut still represent the same distrib
“IN | at tim","ng is performed to make it a eq’
ut still represent the same distrib
“14 | at ti",87.2,82.7,0.0748,0.2200
0018807,0018807_orig.png,0018807_blur.png,"CHAPTER 4. MA
Pop_String();
p_Set ()7
olean (Hash_Find (set->body,
key->body,
Ha","awe).
ee
Pes a asteen
we 1 We eevatien wn ween Hy",86.8,27.2,0.8559,1.0000
0018808,0018808_orig.png,0018808_blur.png,"0045
Fairness","0045
Fairnes:",94.0,40.5,0.0769,0.5000
0018809,0018809_orig.png,0018809_blur.png,"ct on the output of the Kuwahara filt
values of s; are substantially equal t
ier","tom the cungut of tte Kawaftura Site
values of 5 ant safscunnaily equal |
weefio",89.2,49.1,0.4459,0.7619
0018810,0018810_orig.png,0018810_blur.png,"Newsome, W. 1. and &
lesions of the midd.

Nicod, J. (1930). Founa

Nosofsky, R.","Newsome, W. 1. and F
lesions of the midd
Nicod, J. (1930). Foune
Nosofsky, R. M.",87.1,82.2,0.0426,0.1143
0018811,0018811_orig.png,0018811_blur.png,"2YR+XYW

lifferences between the configu
sen the degree of partitioning ai
er of","9h sew | sie
PLE aL EA)
Allene os het wnem the aig
nom thee Angpen +A yourtt rem",88.8,37.2,0.7035,1.2903
0018812,0018812_orig.png,0018812_blur.png,"MLO
re not rational multiples of 7; iI
the surface is not compact. Ho
ve can eve","Soames, cessunplola se iaae ONS AEP irae

oe ak votive nsltinghen oA i

the surf",90.1,52.6,0.3856,0.6739
0018813,0018813_orig.png,0018813_blur.png,"JS WSs ft
(d) S§ (

for strong 8-connectivity.

lO] |e

Ole]

CO] |e","a oe ll
ws ‘

fw strong S-commectivity

om)

Ole

O| |e",57.3,43.4,0.4265,0.8571
0018814,0018814_orig.png,0018814_blur.png,"deal content-based routing scheme, whic’
elivery tree; and (3) a characterizatio","deal content-based routing scheme, wine!
clivery tree: and (3) a characterizatio",86.7,74.6,0.1073,0.3218
0018815,0018815_orig.png,0018815_blur.png,"19005.

ards. Operators commuting
59-265, 1966.

urds. Supports and singular
ath","ad

nesta Newent conan
me,

vests, Shagrgreetes named setegtaline:
i Sine ART, A",87.8,33.8,0.7784,1.0385
0018816,0018816_orig.png,0018816_blur.png,"EGONIGN, EPO ey eee ee eal
ilder, an Oregon pulmonary specialist, was discipline","ee
4 St:
Lae!
‘ngmoen Loven PrN",79.6,31.0,0.9738,0.9936
0018817,0018817_orig.png,0018817_blur.png,"ght apply to the field
tistry of Education,
are too long for the","GPO ogpty ten Mie td
wont y of Villon ative,
oe",96.0,25.4,0.6719,1.0000
0018818,0018818_orig.png,0018818_blur.png,"ns has an Q(1/s) correlation with
entifying large Fourier coefficients
ize DNF’s","best geome ,
ae I
a",68.9,35.6,0.8829,0.9500
0018819,0018819_orig.png,0018819_blur.png,"ve ee eS eee eee
, J. H. Weber’, J. Wentz', J. Wochele!, J.
k, Forschungszentrum","a yee ee
he eter” 8 Monee bette 8
a ee
Mente wand Mine ewe Cogvenmneny MMM Brow:",82.8,23.2,0.7635,1.0000
0018820,0018820_orig.png,0018820_blur.png,"(b) Alter & bit contrast «
Figure 5: Image Enhanc

hows the result of applying C","(9) Alter © Dit contrast «

Figure 5: Image Enhano

hows the result of applying ",87.7,79.4,0.1933,0.3023
0018821,0018821_orig.png,0018821_blur.png,"a
2) The GLM input Pom

to eikonalisation to ar

GLM as a fitted outp

tuned by ","2) The GLM iepet Pos
te crbomabnatem to ae
CAM as 2 Gnod cot
teamed by 2 pion lo",89.0,54.3,0.4313,0.7500
0018822,0018822_orig.png,0018822_blur.png,"Ce REESE BOISE Characteristic flattens «
resistor ranges from 1350 © for 400 pA ","ites ee Ger <
penitent Homa tovem 10 O hee 4 pA to
1s be woth te meter teat hnwr",87.4,42.5,0.5158,0.8861
0018823,0018823_orig.png,0018823_blur.png,"» COGS).
e Projection Algorithm follows d
unning time T(m,n) of the Pre
1 recurs","| CARS)

e Projection Algorithm follows 0
unning time T(m,n) of the Pre
1 recurs",73.8,72.8,0.1633,0.3542
0018824,0018824_orig.png,0018824_blur.png,"e describe later.
criptors is dictated by that of tl
nging from hundreds to thou","¢ describe later.
criptors is dictated by that of tl
nging from hundreds to thou",86.0,82.4,0.0437,0.1639
0018825,0018825_orig.png,0018825_blur.png,"ation, Proceedings Of the Thirty-first
tion, 7-12 March, Austin, TX USA,
slese/3","= Stan ‘oon eae
tt Nepean, nate
= -wr-lehetineeety",86.3,27.6,0.8654,1.0000
0018826,0018826_orig.png,0018826_blur.png,"AH element inust appear first all
n. This is implemented by fo
It, of the code c","o This is impleseunted by y*
tof the code comparison to po
of the shuttled relat",79.9,50.2,0.3833,0.7586
0018827,0018827_orig.png,0018827_blur.png,"rks. Unlike many other divide-
mploy as much input informati¢
‘several classical","rks. Unlike many other divide-
mploy as much input informatic
‘several classical",91.1,90.0,0.0050,0.0333
0018828,0018828_orig.png,0018828_blur.png,"backend server for gdb. Alter lh co
processor via JTAG, start gdb. Then yo
of th","tached are er ee awe
processor via JTAG, start gi Then yo
of the procemor. A cot",88.8,56.9,0.2541,0.5806
0018829,0018829_orig.png,0018829_blur.png,"partial orders and total preorders
to layers (levels), thus facilitating
naximal","partial orders and total preorders
10 layers (levels), thus facilitating
paximal",86.6,67.6,0.0877,0.3218
0018830,0018830_orig.png,0018830_blur.png,"—k®
Therefore, 0

in this section with re otances
fenience, we always OY, ContPa","oe)
wi aa my
4 EH eet ih Ye Ss nmr
IMs al Ae Valof i
tis With ie Aird
Bud) © 86 ",72.3,33.7,0.7188,1.0000
0018831,0018831_orig.png,0018831_blur.png,"is section we compare the Universal
gorous SURE threshold and the
Id [9] using s","alcammatiad dildo
EK
a ya ete
ee
~
Wass fone a
eh seymamune wad quand (eaten",90.0,29.8,0.8384,1.0000
0018832,0018832_orig.png,0018832_blur.png,"tations, Images, and Diag
| Bertel, and Thomas Barkowsky

ition, Universitat Bre","Mt sett eee Bratman te
senndillineieiatadiameastcmaaatll
AO Bee a cama
eet ne «a",88.8,27.6,0.7737,1.0000
0018833,0018833_orig.png,0018833_blur.png,"m2 are dual. If l,, lz are lines of ™

n(li) V fim(l2)

mo(P1) A Sem (P2) -

ed ","me var Awa, Py re Dre AP
iQ) Fumi)

Jill) art) »

Sr ni
ai VEO NAPD TD OWT TT HI",71.2,29.2,0.7923,0.9833
0018834,0018834_orig.png,0018834_blur.png,"» Petrie, D.: The Future of Enterprise Integration
1 System Integration. In Jerr",", Petrie. 1) The Puaune of Rinterpiee tanegretien
1 Sy steam tatmes

i tr Bonde ",88.0,49.8,0.5831,0.8627
0018835,0018835_orig.png,0018835_blur.png,"Acknowledgments
The authors thank |
. plementing the docume
ollowing Lighthouse ","Rel teredieties ieeheal
en
S teeieae Tee ee
a. gfe ar coe
The mean a
etn Mattes ",77.6,28.0,0.7384,0.9773
0018836,0018836_orig.png,0018836_blur.png,"singly sophisticated, becoming a critic
administrators have largely ignored 1
vi","$8 Sera ve ar se
Ir. ey gum
pene, tee II Dee ete, pepe ze
SOARS: Perse wImegs et",89.8,28.9,0.7597,1.0000
0018837,0018837_orig.png,0018837_blur.png,"nd in revised form 31 August 2003)

n for the ratio of macroscopic to microsco
s","wal an crete roan 31 Memgenet DRT)

tee ee can a en Hr URN
ean ome es Mrs Smemen",87.0,28.5,0.6438,0.9753
0018838,0018838_orig.png,0018838_blur.png,"n storage systems has traditionally been
se the capacity of the system. However,","eo wwage cram: Se catcemef: Sere
a fe capecty of Ge cyan Mowewer,
oe cad © eptd)",87.1,36.6,0.6408,0.9444
0018839,0018839_orig.png,0018839_blur.png,"sions caused In this section, we deta
speech coarticulation mod

. on speech coa","Me i at at et
mS COPIA a ee ARR ARE
WY 3 eer” orton” A
Sie Biswas
Pett ri",78.3,25.1,0.9014,1.0000
0018840,0018840_orig.png,0018840_blur.png,"It is also possible
homoclinic groups of
to a result in [MS] fo

For (2), we giv","a ed
ee me prem 4
2 erent ae ME) on

FD oe gee o
ea ee cement
— aneme sete a

ee",80.2,30.5,0.7706,0.9808
0018841,0018841_orig.png,0018841_blur.png,"al physical dimensions in which we
result in an increase of Entropy whe
reductio","al physical dimensions in which we
result in an increase of Entropy whe
y cannot",92.7,90.3,0.1258,0.1636
0018842,0018842_orig.png,0018842_blur.png,"wee Berna rege
ssi € {1,..., M},

n histogram estimate hy, of Px,\y (eli),
k= a7","LL pe

me aA
A616 DMA dng

a be ae

Hen ON MAME, 66 Maat

2) ch at WAL) WA Na)

",71.4,26.5,0.8674,0.9863
0018843,0018843_orig.png,0018843_blur.png,"Si 3<6

K 1<2,1>5,2>

Ca 2>6,3<4,4>

Ba 1<6,2<6,3<

Fe 1>5,1>6,2>
6 Some notes o","| . H<Rloazs

a PPR Khe

| @ /|i<az<as.

Uf _jt>ai>a2>

b Somme mates of thew te",90.0,41.2,0.7116,0.9701
0018844,0018844_orig.png,0018844_blur.png,"a eee ee eran ee ere ee p
construct the source distribution [8]. We <
ource dist","— vee eee ery
HS MARS ANEINI,, E
HERS INSEAM ° HCHHHAL, HH, HEU
AS Oo DE WUE IE ",78.3,23.1,0.8031,1.0000
0018845,0018845_orig.png,0018845_blur.png,"Mm.) SSeS
InfoZoom*. In: Artificial Intellis
01.

)] Thorell, L. G.; Smith, W. J","— Zee” ten: veil Inne
al

ee
A Taeemestend Rete mm «Pema |
=

Ble Fone Otegmtars",81.2,26.5,0.7934,1.0000
0018846,0018846_orig.png,0018846_blur.png,,"oo |
—
— —
-— |
ee

ee",0.0,11.0,1.0000,1.0000
0018847,0018847_orig.png,0018847_blur.png,"nomic condition”).

The seed list of positive and nega
tended using paraphrases ","— a

we ee ee oe oe
SE A
— a & a. oe
ee cee ak tS se
eee ae itis
wena eae
eg eee",91.0,32.4,0.8040,0.9848
0018848,0018848_orig.png,0018848_blur.png,"{(Clerk, ¢?,r?)} <= (Supervisor,
e the following implications:

{(Clerk, t?,r?)}","{(Clerk, 12,r2)} <=> (Supervisor,
e the following implications:

{(Clerk, 12, r2",85.7,81.3,0.0653,0.2727
0018849,0018849_orig.png,0018849_blur.png,"arded Graduate Teacher Certificate
E), Purdue University

arded Tellabs Research","waded Graduate Teacher Certificate
E), Purdue University

arded Teilabs Research",88.0,82.8,0.1732,0.3750
0018850,0018850_orig.png,0018850_blur.png,"stem is an archive of cases with confirr
> IDL. These include separate descripti","yi by cal ene Well geantie
A UAL Thane ie Hide wera claw ttt
A Helen MM Peanitlc",88.9,32.2,0.6531,0.9800
